Subject,Start Date,Start Time,End Date,End Time,All Day Event,Description,Location
Утренний трансерфинг,2024-01-01,07:00,2024-01-01,07:30,False,"🌅 УТРЕННИЙ РИТУАЛ ТРАНСЕРФИНГА

1. Создаю позитивные слайды на день
   - Представляю успешное завершение дня
   - Держу образ себя в состоянии успеха

2. Снижаю важность предстоящих событий
   - Напоминаю: ""Это не так важно, как кажется""
   - Убираю избыточные потенциалы

3. Держу слайд успешного дня
   - Визуализирую желаемые результаты
   - Настраиваюсь на благоприятные события

4. Координирую намерение
   - Ищу плюсы в предстоящих делах
   - Настраиваюсь на волну удачи

✅ Чек-лист:
□ Позитивный слайд создан
□ Важность снижена
□ Намерение скоординировано
□ Готов к волне удачи",Дом
Проверка трансерфинга,2024-01-01,09:00,2024-01-01,09:15,False,"🔄 ПРОВЕРКА В ТЕЧЕНИИ ДНЯ

1. Замечаю знаки и возможности
   - Есть ли благоприятные совпадения?
   - Какие двери открываются?

2. Выбираю лёгкие шаги
   - Иду по пути наименьшего сопротивления
   - Не иду ""через силу""

3. Фиксирую успехи
   - Записываю благоприятные события
   - Усиливаю волну удачи

4. Выхожу из маятников
   - Не вступаю в споры
   - Не оправдываюсь
   - Снижаю важность конфликтов

✅ Чек-лист:
□ Знаки замечены
□ Лёгкие шаги выбраны
□ Успехи зафиксированы
□ Из маятников вышел",Работа
Проверка трансерфинга,2024-01-01,11:00,2024-01-01,11:15,False,"🔄 ПРОВЕРКА В ТЕЧЕНИИ ДНЯ

1. Замечаю знаки и возможности
   - Есть ли благоприятные совпадения?
   - Какие двери открываются?

2. Выбираю лёгкие шаги
   - Иду по пути наименьшего сопротивления
   - Не иду ""через силу""

3. Фиксирую успехи
   - Записываю благоприятные события
   - Усиливаю волну удачи

4. Выхожу из маятников
   - Не вступаю в споры
   - Не оправдываюсь
   - Снижаю важность конфликтов

✅ Чек-лист:
□ Знаки замечены
□ Лёгкие шаги выбраны
□ Успехи зафиксированы
□ Из маятников вышел",Работа
Проверка трансерфинга,2024-01-01,13:00,2024-01-01,13:15,False,"🔄 ПРОВЕРКА В ТЕЧЕНИИ ДНЯ

1. Замечаю знаки и возможности
   - Есть ли благоприятные совпадения?
   - Какие двери открываются?

2. Выбираю лёгкие шаги
   - Иду по пути наименьшего сопротивления
   - Не иду ""через силу""

3. Фиксирую успехи
   - Записываю благоприятные события
   - Усиливаю волну удачи

4. Выхожу из маятников
   - Не вступаю в споры
   - Не оправдываюсь
   - Снижаю важность конфликтов

✅ Чек-лист:
□ Знаки замечены
□ Лёгкие шаги выбраны
□ Успехи зафиксированы
□ Из маятников вышел",Работа
Проверка трансерфинга,2024-01-01,15:00,2024-01-01,15:15,False,"🔄 ПРОВЕРКА В ТЕЧЕНИИ ДНЯ

1. Замечаю знаки и возможности
   - Есть ли благоприятные совпадения?
   - Какие двери открываются?

2. Выбираю лёгкие шаги
   - Иду по пути наименьшего сопротивления
   - Не иду ""через силу""

3. Фиксирую успехи
   - Записываю благоприятные события
   - Усиливаю волну удачи

4. Выхожу из маятников
   - Не вступаю в споры
   - Не оправдываюсь
   - Снижаю важность конфликтов

✅ Чек-лист:
□ Знаки замечены
□ Лёгкие шаги выбраны
□ Успехи зафиксированы
□ Из маятников вышел",Работа
Проверка трансерфинга,2024-01-01,17:00,2024-01-01,17:15,False,"🔄 ПРОВЕРКА В ТЕЧЕНИИ ДНЯ

1. Замечаю знаки и возможности
   - Есть ли благоприятные совпадения?
   - Какие двери открываются?

2. Выбираю лёгкие шаги
   - Иду по пути наименьшего сопротивления
   - Не иду ""через силу""

3. Фиксирую успехи
   - Записываю благоприятные события
   - Усиливаю волну удачи

4. Выхожу из маятников
   - Не вступаю в споры
   - Не оправдываюсь
   - Снижаю важность конфликтов

✅ Чек-лист:
□ Знаки замечены
□ Лёгкие шаги выбраны
□ Успехи зафиксированы
□ Из маятников вышел",Работа
Вечерний анализ трансерфинга,2024-01-01,21:00,2024-01-01,21:30,False,"🌙 ВЕЧЕРНИЙ АНАЛИЗ ТРАНСЕРФИНГА

1. Анализирую соответствие действий слайдам целей
   - Что получилось легко?
   - Где была борьба вместо выбора?

2. Благодарю за благоприятные события
   - Записываю 3-5 хороших моментов дня
   - Усиливаю волну удачи

3. Снижаю важность неудач
   - Напоминаю: ""Это не так важно""
   - Убираю избыточные потенциалы

4. Прокручиваю желаемые слайды перед сном
   - Визуализирую успехи завтрашнего дня
   - Засыпаю с позитивными образами

✅ Чек-лист:
□ Действия проанализированы
□ Благодарность выражена
□ Важность неудач снижена
□ Позитивные слайды созданы",Дом
Недельный анализ трансерфинга,2024-01-07,20:00,2024-01-07,21:00,False,"📈 НЕДЕЛЬНЫЙ АНАЛИЗ ТРАНСЕРФИНГА

АНАЛИЗ ПРИМЕНЕНИЯ ПРИНЦИПОВ:

1. Выбор вместо борьбы
   - Сколько раз выбирал, а не добивался?
   - Где была борьба с миром?

2. Снижение важности
   - Где создавал избыточные потенциалы?
   - Что принимал слишком серьёзно?

3. Внешнее намерение
   - Держал ли слайды целей?
   - Выбирал ли подходящие линии жизни?

4. Волна удачи
   - Какие благоприятные события были?
   - Как поддерживал волну?

5. Освобождение от маятников
   - От каких маятников освободился?
   - Где подпитывал деструктивные структуры?

6. Фрейлинг
   - Где создавал взаимовыгоду?
   - Как учитывал интересы других?

ПЛАН НА СЛЕДУЮЩУЮ НЕДЕЛЮ:
- Что усилить?
- Что изменить?
- Какие принципы применить?

✅ Чек-лист:
□ Принципы проанализированы
□ План на неделю составлен
□ Готов к новой волне удачи",Дом
Месячный обзор трансерфинга,2024-01-31,20:00,2024-01-31,21:30,False,"🗓️ МЕСЯЧНЫЙ ОБЗОР ТРАНСЕРФИНГА

ОБЗОР ДОСТИЖЕНИЙ:
- Какие цели достигнуты легко?
- Где была борьба, а где выбор?
- Как волна удачи проявлялась?

АНАЛИЗ ИЗМЕНЕНИЙ:
- Как изменилось восприятие мира?
- Какие принципы стали естественными?
- От каких маятников освободился?

ПЛАН НА СЛЕДУЮЩИЙ МЕСЯЦ:
- Какие слайды усилить?
- Какие принципы развить?
- Какие маятники отпустить?

ЦЕЛИ НА МЕСЯЦ:
- Конкретные результаты через трансерфинг
- Новые линии жизни для выбора
- Усиление волны удачи

✅ Чек-лист:
□ Достижения проанализированы
□ Изменения отмечены
□ План составлен
□ Цели поставлены",Дом
